{
  "backend/jest.config.js": {},
  "backend/jest.setup.js": {},
  "backend/src/claude.ts": {
    "models": 1.594559700742497,
    "promptClaudeStream": 3.8050888223508412,
    "promptClaude": 3.8050888223508412,
    "promptClaudeWithContinuation": 1.594559700742497
  },
  "backend/src/constants.ts": {
    "RATE_LIMIT_POLICY": 0.18536380004736638
  },
  "backend/src/generate-diffs-prompt.ts": {
    "generateExpandedFileWithDiffBlocks": 6.234977056674609,
    "generateDiffBlocks": 3.6824778898504396
  },
  "backend/src/generate-diffs-via-expansion.ts": {
    "expandNewContent": 4.9356918970810995
  },
  "backend/src/generate-patch.ts": {
    "generatePatch": 4.017875149265602
  },
  "backend/src/index.ts": {},
  "backend/src/main-prompt.ts": {
    "mainPrompt": 3.4265554454869687,
    "getRelevantFileInfoMessage": 2.023778844999029,
    "updateFileContext": 2.023778844999029,
    "processFileBlock": 3.4265554454869687
  },
  "backend/src/openai-api.ts": {
    "promptOpenAI": 3.837849447517626,
    "promptOpenAIWithContinuation": 3.837849447517626
  },
  "backend/src/process-stream.ts": {},
  "backend/src/request-files-prompt.ts": {
    "requestRelevantFiles": 4.901567104981749,
    "getRelevantFiles": 1.663854923258121,
    "topLevelDirectories": 1.663854923258121,
    "getExampleFileList": 1.663854923258121,
    "generateNonObviousRequestFilesPrompt": 1.663854923258121,
    "generateKeyRequestFilesPrompt": 1.663854923258121
  },
  "backend/src/system-prompt.ts": {
    "getSystemPrompt": 10.768293153451244
  },
  "common/util/tools.ts": {
    "getTools": 3.9295594162366996
  },
  "backend/src/util/debug.ts": {
    "DEBUG_MODE": 0.45706368186221075,
    "debugLog": 2.3207579589047866,
    "clearDebugLog": 0.45706368186221075
  },
  "backend/src/util/token-counter.ts": {
    "countTokens": 1.6211051947660686,
    "countTokensForFiles": 0.9831683997719912
  },
  "backend/src/websockets/server.ts": {
    "MessageParseError": 0.8959037271250078,
    "serializeError": 0.8959037271250078,
    "parseMessage": 0.8959037271250078,
    "processMessage": 0.8959037271250078,
    "listen": 0.8959037271250078,
    "sendMessage": 1.5168968696348535
  },
  "backend/src/websockets/switchboard.ts": {
    "Switchboard": 0.7939801096690913,
    "getClient": 0.4689374431149641,
    "getAll": 0.4689374431149641,
    "getSubscribers": 0.4689374431149641,
    "connect": 0.4689374431149641,
    "disconnect": 0.4689374431149641,
    "markSeen": 0.4689374431149641,
    "identify": 0.4689374431149641,
    "deidentify": 0.4689374431149641,
    "subscribe": 0.4689374431149641,
    "unsubscribe": 1.6717382365223472
  },
  "backend/src/websockets/websocket-action.ts": {
    "subscribeToAction": 1.326355383915488,
    "onWebsocketAction": 2.2457148786970125,
    "requestFiles": 3.165074373478537,
    "requestFile": 3.165074373478537
  },
  "common/src/actions.ts": {
    "FileChangeSchema": 1.068859813416147,
    "CHANGES": 1.068859813416147,
    "ToolCallSchema": 1.068859813416147,
    "CLIENT_ACTIONS": 1.068859813416147,
    "CLIENT_ACTION_SCHEMA": 1.068859813416147,
    "SERVER_ACTIONS": 1.068859813416147,
    "SERVER_ACTION_SCHEMA": 1.068859813416147
  },
  "common/src/codemap/languages.ts": {
    "getLanguageConfig": 3.437375981601178
  },
  "common/src/codemap/parse.ts": {
    "DEBUG_PARSING": 1.0359166707362986,
    "getFileTokenScores": 1.7539593903522093,
    "parseTokens": 1.0359166707362986,
    "parseFile": 1.0359166707362986
  },
  "common/src/codemap/test-langs/test.c": {
    "greet": 0.3624292884572653,
    "main": 0.3624292884572653
  },
  "common/src/codemap/test-langs/test.cpp": {
    "greet": 0.3212592278216674,
    "main": 0.3212592278216674
  },
  "common/src/codemap/test-langs/test.cs": {
    "Greeting": 0.31387297087950994,
    "Greet": 0.31387297087950994,
    "Main": 0.31387297087950994
  },
  "common/src/codemap/test-langs/test.go": {
    "greet": 0.24884632783375443,
    "string": 0.24884632783375443,
    "main": 0.24884632783375443
  },
  "common/src/codemap/test-langs/test.java": {
    "Greeting": 0.25165824000000014,
    "greet": 0.25165824000000014,
    "main": 0.25165824000000014
  },
  "common/src/codemap/test-langs/test.js": {
    "greet": 0.26527107678309764
  },
  "common/src/codemap/test-langs/test.php": {
    "greet": 0.31387297087950994
  },
  "common/src/codemap/test-langs/test.py": {
    "greet": 0.23726566406062902
  },
  "common/src/codemap/test-langs/test.rb": {
    "greet": 0.26527107678309764
  },
  "common/src/codemap/test-langs/test.rs": {
    "greet": 0.2562762075687476,
    "main": 0.2562762075687476
  },
  "common/src/codemap/test-langs/test.ts": {
    "greet": 0.26527107678309764
  },
  "common/src/codemap/tree-sitter.d.ts": {},
  "common/src/constants.ts": {
    "STOP_MARKER": 0.8694332890429263,
    "SKIPPED_TERMINAL_COMMANDS": 0.8694332890429263
  },
  "common/src/project-file-tree.ts": {
    "getProjectFileTree": 2.3079610086679923,
    "buildTree": 1.0997557867788654,
    "parseGitignore": 1.0997557867788654,
    "getAllFilePaths": 2.8697444444395646
  },
  "common/src/util/array.ts": {
    "filterDefined": 0.5838224084518855,
    "buildArray": 0.9884972648180268,
    "groupConsecutive": 0.5838224084518855
  },
  "common/src/util/changes.ts": {
    "applyChanges": 2.875712442643412,
    "applyAndRevertChanges": 1.6528013985505383
  },
  "common/src/util/file.ts": {
    "FileTreeNodeSchema": 0.6926665085886835,
    "ProjectFileContextSchema": 0.6926665085886835,
    "createFileBlock": 3.193828411940295,
    "createFileBlockWithoutPath": 0.6926665085886835,
    "fileRegex": 0.6926665085886835,
    "fileWithNoPathRegex": 0.6926665085886835,
    "parseFileBlocks": 1.6529061835817778,
    "parseFileBlocksWithoutPath": 0.6926665085886835,
    "printFileTree": 1.1727863460852306,
    "printFileTreeWithTokens": 1.4536384468730459
  },
  "common/src/util/object.ts": {
    "removeUndefinedProps": 1.263734353754918,
    "removeNullOrUndefinedProps": 0.7463818670134659,
    "addObjects": 0.7463818670134659,
    "subtractObjects": 0.7463818670134659,
    "hasChanges": 0.7463818670134659,
    "hasSignificantDeepChanges": 0.7463818670134659,
    "filterObject": 1.5663661581535062,
    "assert": 0.7463818670134659
  },
  "common/src/util/patch.ts": {
    "applyPatch": 3.744966502588611
  },
  "common/src/websockets/websocket-client.ts": {
    "formatState": 0.8897462402273586,
    "APIRealtimeClient": 2.844718546847407,
    "state": 0.8897462402273586,
    "close": 0.8897462402273586,
    "connect": 0.8897462402273586,
    "waitAndReconnect": 0.8897462402273586,
    "receiveMessage": 0.8897462402273586,
    "sendMessage": 1.506471338054764,
    "sendAction": 2.844718546847407,
    "identify": 0.8897462402273586,
    "subscribe": 0.8897462402273586
  },
  "common/src/websockets/websocket-schema.ts": {
    "CLIENT_MESSAGE_SCHEMAS": 0.7444151129572159,
    "CLIENT_MESSAGE_SCHEMA": 0.7444151129572159,
    "SERVER_MESSAGE_SCHEMAS": 0.7444151129572159,
    "SERVER_MESSAGE_SCHEMA": 0.7444151129572159
  },
  "npm-app/clean-package.js": {},
  "npm-app/src/chat-storage.ts": {
    "ChatStorage": 2.2147042725904593,
    "ensureDirectoryExists": 0.7933005321561043,
    "getFilePath": 0.7933005321561043,
    "createChat": 0.7933005321561043,
    "getChat": 0.7933005321561043,
    "addMessage": 0.7933005321561043,
    "deleteChat": 0.7933005321561043,
    "listChats": 0.7933005321561043,
    "saveChat": 0.7933005321561043,
    "generateChatId": 0.7933005321561043,
    "getCurrentChat": 0.7933005321561043,
    "setCurrentChat": 0.7933005321561043,
    "getCurrentVersion": 0.7933005321561043,
    "navigateVersion": 0.7933005321561043,
    "saveFilesChanged": 0.7933005321561043,
    "saveCurrentFileState": 0.7933005321561043,
    "addNewFileState": 0.7933005321561043
  },
  "npm-app/src/cli.ts": {
    "CLI": 1.8186669507241213,
    "onWebSocketError": 1.0741339982757228,
    "detectPasting": 1.0741339982757228,
    "handleInput": 1.0741339982757228,